{"review": "Crust is not good.", "Sentiment_score": -0.800000011920929, "Sentiment_magnitude": 0.800000011920929}